-- DDL de las dimensiones y hechos
CREATE TABLE DIM_CLIENTE (
    NUM_DIM_CLIENTE_SK NUMBER PRIMARY KEY,
    STR_CLIENTE_ID_NK VARCHAR2(50),
    STR_NOMBRE VARCHAR2(100),
    NUM_EDAD NUMBER,
    STR_SEGMENTO VARCHAR2(50),
    STR_CIUDAD VARCHAR2(50),
    STR_REGION VARCHAR2(50)
);

CREATE TABLE DIM_PRODUCTO (
    NUM_DIM_PRODUCTO_SK NUMBER PRIMARY KEY,
    STR_PRODUCTO_ID_NK VARCHAR2(50),
    STR_NOMBRE_PRODUCTO VARCHAR2(100),
    STR_TIPO_PRODUCTO VARCHAR2(50),
    NUM_TASA_INTERES NUMBER
);

CREATE TABLE DIM_TIEMPO (
    NUM_DIM_FECHA_SK NUMBER PRIMARY KEY,
    DTM_FECHA_NK DATE,
    NUM_DIA NUMBER,
    NUM_MES NUMBER,
    NUM_TRIMESTRE NUMBER,
    NUM_ANIO NUMBER
);

CREATE TABLE DIM_CANAL (
    NUM_DIM_CANAL_SK NUMBER PRIMARY KEY,
    STR_CANAL_ID_NK VARCHAR2(50),
    STR_NOMBRE_CANAL VARCHAR2(50)
);

CREATE TABLE FCT_TRANSACCIONES (
    NUM_DIM_TRANSACCION_SK NUMBER PRIMARY KEY,
    STR_TRANSACCION_ID_NK VARCHAR2(50),
    NUM_DIM_FECHA_SK NUMBER,
    NUM_DIM_CLIENTE_SK NUMBER,
    NUM_DIM_PRODUCTO_SK NUMBER,
    NUM_DIM_CANAL_SK NUMBER,
    STR_MONTO VARCHAR2(50),
    STR_TIPO_TRANSACCION VARCHAR2(50),
    FOREIGN KEY (NUM_DIM_FECHA_SK) REFERENCES DIM_TIEMPO(NUM_DIM_FECHA_SK),
    FOREIGN KEY (NUM_DIM_CLIENTE_SK) REFERENCES DIM_CLIENTE(NUM_DIM_CLIENTE_SK),
    FOREIGN KEY (NUM_DIM_PRODUCTO_SK) REFERENCES DIM_PRODUCTO(NUM_DIM_PRODUCTO_SK),
    FOREIGN KEY (NUM_DIM_CANAL_SK) REFERENCES DIM_CANAL(NUM_DIM_CANAL_SK)
);
DROP TABLE FCT_TRANSACCIONES;

--DML para las tablas creadas
INSERT INTO DIM_CLIENTE VALUES (1, '1000156432', 'Ana Gómez', 30, 'Banca Personal', 'Bogotá', 'Andina');
INSERT INTO DIM_CLIENTE VALUES (2, '1231345658', 'Luis Martínez', 45, 'Preferente', 'Medellín', 'Andina');
INSERT INTO DIM_CLIENTE VALUES (3, '50234543', 'María López', 28, 'Preferente Plus', 'Cali', 'Pacífico');
INSERT INTO DIM_CLIENTE VALUES (4, '800237010', 'Grupo Exito', 50, 'Empresarial PYME', 'Barranquilla', 'Caribe');


INSERT INTO DIM_PRODUCTO VALUES (1, '123949004', 'Ana Gómez', 'Cuenta ahorros', 0.0);
INSERT INTO DIM_PRODUCTO VALUES (2, '981723766', 'Luis Martínez', 'Cuenta ahorros', 0.0);
INSERT INTO DIM_PRODUCTO VALUES (3, '567829348', 'María López', 'Cuenta ahorros', 0.5);
INSERT INTO DIM_PRODUCTO VALUES (4, '987642578', 'Grupo Exito', 'Cuenta Corriente', 4.1);
INSERT INTO DIM_PRODUCTO VALUES (5, '574830297', 'Grupo Exito', 'Cuenta Corriente', 0.0);
INSERT INTO DIM_PRODUCTO VALUES (6, '202875658', 'Grupo Exito', 'Cuenta ahorros', 0.1);


INSERT INTO DIM_TIEMPO VALUES (1, TO_DATE('15/01/2026','DD/MM/YYYY'), 15, 1, 1, 2026);
INSERT INTO DIM_TIEMPO VALUES (2, TO_DATE('10/02/2026','DD/MM/YYYY'), 10, 2, 1, 2026);
INSERT INTO DIM_TIEMPO VALUES (3, TO_DATE('05/03/2026','DD/MM/YYYY'), 5, 3, 1, 2026);
INSERT INTO DIM_TIEMPO VALUES (4, TO_DATE('20/04/2026','DD/MM/YYYY'), 20, 4, 2, 2026);


INSERT INTO DIM_CANAL VALUES (1, 'CN001', 'Cajero electronico');
INSERT INTO DIM_CANAL VALUES (2, 'CN002', 'Banca Movil');
INSERT INTO DIM_CANAL VALUES (3, 'CN003', 'Oficina');
INSERT INTO DIM_CANAL VALUES (4, 'CN004', 'Internet');


INSERT INTO FCT_TRANSACCIONES VALUES (1, '333CN004', 1, 1, 1, 4, 100000, 'Pago Tercero ACH');
INSERT INTO FCT_TRANSACCIONES VALUES (2, '123CN001', 1, 2, 2, 1, 50000, 'Retiro Cajero');
INSERT INTO FCT_TRANSACCIONES VALUES (3, '122CN003', 3, 3, 3, 3, 200000, 'Pago ATH oficina');
INSERT INTO FCT_TRANSACCIONES VALUES (4, '223CN004', 4, 4, 4, 4, 150000, 'Pago Tercero ACH');
INSERT INTO FCT_TRANSACCIONES VALUES (5, '124CN001', 2, 3, 3, 1, 150000, 'Retiro Cajero');
INSERT INTO FCT_TRANSACCIONES VALUES (6, '224CN004', 3, 4, 5, 4, 1560000, 'Pago Tercero ACH');

select * from DIM_CLIENTE;


-- Metricas
--1. ¿Cuál es el volumen de transacciones por tipo (retiro, depósito, transferencia)?

SELECT 
STR_TIPO_TRANSACCION, 
COUNT(NUM_DIM_TRANSACCION_SK) AS cantidad_trx,
SUM(STR_MONTO) AS total_monto
FROM FCT_TRANSACCIONES
GROUP BY 
STR_TIPO_TRANSACCION;

--2. ¿Cómo varían las transacciones por canal (cajero, app, sucursal) y por periodo?

SELECT  
DC.STR_NOMBRE_CANAL,
DT.NUM_MES,
DT.NUM_ANIO,
COUNT(FT.NUM_DIM_TRANSACCION_SK) AS cantidad_trx
FROM FCT_TRANSACCIONES FT
JOIN DIM_CANAL DC ON FT.NUM_DIM_CANAL_SK = DC.NUM_DIM_CANAL_SK
JOIN DIM_TIEMPO DT ON FT.NUM_DIM_FECHA_SK = DT.NUM_DIM_FECHA_SK
GROUP BY 
DC.STR_NOMBRE_CANAL, DT.NUM_MES, DT.NUM_ANIO
ORDER BY 
DT.NUM_ANIO, DT.NUM_MES, DC.STR_NOMBRE_CANAL;



-- 3. ¿Qué clientes realizan más operaciones y en qué productos financieros?
SELECT 
DC.STR_CLIENTE_ID_NK,
DC.STR_NOMBRE,
DC.STR_SEGMENTO,
COUNT(FT.NUM_DIM_TRANSACCION_SK) AS Num_operaciones,
SUM(STR_MONTO) AS total_monto
FROM FCT_TRANSACCIONES FT
JOIN DIM_CLIENTE DC ON FT.NUM_DIM_CLIENTE_SK = DC.NUM_DIM_CLIENTE_SK
GROUP BY 
DC.STR_CLIENTE_ID_NK, DC.STR_NOMBRE, DC.STR_SEGMENTO;


